Date,yield,OC1,Temp11,Temp12,PressureC1,TempC1,Temp1,FlowC1,Temp2,Temp3,TempC2,TempC3,Temp4,Temp5,Temp6,Temp7,Temp8,FlowC9,FlowC2,Temp9,Temp10,FlowC3,FlowC4,VapourPressure
2016-08-21T00:00:00,69.40062325,3.1033,30.8983,489.99,215.0627,100.2204,139.9857,432.0636,377.8119,492.1353,490.1459,180.5578,187.4331,489.0043,488.6745,1129.604,522.4728,86.6133,69.9017,461.2371,513.9653,8.6279,10.5988,32.5026
2016-08-23T00:00:00,66.53266646,4.7408,31.9099,480.2888,205.0999,100.2297,131.047,487.4029,371.306,482.21,480.3128,172.6575,179.5089,479.0443,479.5883,1082.9395,516.014,97.61,69.69,450.3,504.5145,8.7662,10.756,
2016-08-26T00:00:00,71.10219259,4.2925,29.9165,486.619,205.0304,100.3084,118.2666,437.3516,,488.7266,487.004,165.94,172.9262,485.1326,485.6129,1076.9067,514.6193,88.4967,70.5867,458.8101,508.9997,8.5319,10.5737,32.1666
2016-08-29T00:00:00,69.79348088,4.4558,30.6229,491.1304,205.2561,95.5766,118.1769,481.8314,378.0028,493.1481,491.1137,,174.2338,,489.8262,1078.9117,519.3823,95.3483,70.2167,462.5252,514.1794,8.626,10.6695,30.4064
2016-08-30T00:00:00,71.48951583,3.46,29.4977,487.6475,205.0883,92.9052,120.7891,,377.8871,490.2486,488.6641,167.0326,173.9681,486.1049,485.5724,1087.4271,508.6756,82.9533,69.6567,,511.0948,8.5939,,30.9238
2016-09-02T00:00:00,,4.59,29.8406,492.5148,203.8242,82.5759,121.7929,470.8127,374.248,493.7095,491.9402,169.7501,176.3803,493.2928,491.1167,1081.7068,,93.5633,71.1467,463.8689,514.9607,8.4507,10.4359,30.7826
2016-09-04T00:00:00,69.16105249,4.1296,35.5254,478.9996,204.1858,84.9464,120.8903,493.8452,360.8311,480.902,479.2014,169.9978,176.8023,477.7016,478.1935,1106.8098,514.3184,99.8533,72.6067,445.3766,503.5075,8.4093,10.0906,32.579
2016-09-06T00:00:00,71.39919122,3.7133,31.1274,479.063,204.3738,86.5622,119.4786,429.058,365.9138,480.9136,479.1598,166.9747,173.6503,478.2398,477.9389,1090.3263,505.1801,85.8233,72.0667,449.7862,501.0479,8.4414,10.1504,34.5996
2016-09-09T00:00:00,70.12587968,3.09,31.7608,482.6684,204.1163,88.942,124.839,414.0616,367.2358,483.9983,482.3827,171.4144,178.0371,484.0909,480.2018,1126.8611,509.5611,82.6411,71.5083,452.2374,505.4058,8.3289,10.2842,34.6329
2016-09-11T00:00:00,69.72631904,4.6217,32.3697,483.9492,204.151,85.877,121.602,505.6681,368.3813,485.1037,483.5936,169.5163,176.3334,484.8201,482.2794,1087.4791,521.9056,99.9829,71.4267,452.7339,506.4996,8.5193,10.4781,31.8927
2016-09-13T00:00:00,67.77787094,4.6708,32.5914,478.2151,200.0809,88.3123,,498.9423,363.4983,479.7561,478.06,167.9932,174.8356,478.5581,476.4862,1087.1493,512.1075,99.6483,70.46,447.1647,501.0305,8.4336,10.5086,33.8014
2016-09-16T00:00:00,70.72671443,3.52,31.6898,477.8062,200.0809,95.6091,121.1189,437.2185,367.3486,479.3336,477.7845,168.3173,175.0804,478.2977,475.8091,1098.3901,507.4892,87.3567,69.47,447.6439,501.343,8.3687,10.4978,34.8923
2016-09-18T00:00:00,69.65671047,4.17,30.034,481.5737,199.9507,89.4791,121.7611,457.8587,370.117,483.0318,481.8062,167.4377,173.9577,481.7296,479.7272,1080.292,510.0125,92.5622,69.82,452.9978,504.7171,8.3687,10.4797,34.0389
2016-09-20T00:00:00,69.53518784,3.8525,32.2571,480.4214,200.104,94.697,120.8585,479.9308,369.6658,481.8801,480.4957,168.22,174.7861,480.2018,479.1079,1096.1158,507.3272,95.5533,69.89,449.623,504.8444,8.3738,10.5319,33.9831
2016-09-23T00:00:00,70.44829579,3.5983,31.3394,479.9821,200.0895,94.0534,121.3995,443.2095,370.2038,482.2331,480.5443,168.4515,175.2602,479.2005,477.9504,1116.1411,504.6245,88.0333,69,450.8937,503.5943,8.405,10.5133,33.9934
2016-09-25T00:00:00,69.0961358,4.2889,31.0018,483.7993,199.8234,88.9744,119.7303,493.1683,370.2125,485.503,483.9316,167.8636,174.5803,482.8582,482.9044,1091.7671,509.6364,99.5933,69.1283,454.5012,508.7971,8.4957,10.5103,32.7455
2016-09-27T00:00:00,67.69307438,5.3433,27.9029,489.0469,210.035,88.2475,121.7582,477.226,376.6432,490.619,489.2151,169.1089,175.8802,488.6397,487.7137,1056.8033,512.6342,96.6578,69.57,462.7161,510.9964,8.4068,10.4929,31.4356
2016-09-30T00:00:00,69.89946566,3.4017,30.957,487.0835,209.9164,87.8123,121.411,435.8184,371.8122,489.0275,487.7449,169.4122,176.0807,486.5968,484.9648,1111.2975,509.1039,88.1467,68.38,458.0705,510.2151,8.4657,10.5961,32.5001
2016-10-09T00:00:00,69.9737906,5.24,27.5547,479.6805,211.9356,105.2115,118.4661,451.9198,368.6938,481.3303,479.5927,160.5674,167.7762,480.1439,477.6553,1046.9514,499.9483,90.2933,67.9656,453.7755,500.0698,8.504,10.5697,34.0893
2016-10-21T00:00:00,70.05030197,4.185,23.1568,479.8487,250.0772,107.1746,120.3696,391.3474,374.3058,481.8106,480.6184,165.1044,171.595,480.086,476.8798,1021.666,479.9471,79.4267,67.2267,458.6538,498.8197,6.4398,7.9745,38.5297
2016-10-23T00:00:00,71.1950835,5.485,23.6435,474.8919,249.9297,106.3273,119.9068,415.0105,369.5269,476.6656,474.9066,163.366,170.1024,475.1725,472.8228,1005.0956,474.8658,86.1967,67.2167,453.0221,493.368,6.2726,7.9064,40.2702
2016-10-25T00:00:00,71.14084948,4.7675,21.3686,478.7826,249.9239,107.2949,120.1584,370.8142,375.3415,480.5258,479.0857,149.7134,157.1246,479.542,475.977,990.9902,473.4016,74.59,67.5833,459.1573,496.8462,6.4184,7.6372,40.087
2016-10-30T00:00:00,,4.085,27.5147,484.4594,250.0772,105.0679,120.1324,401.9813,370.4671,486.2901,484.7605,163.903,170.7875,484.8432,481.9438,1056.3173,504.3814,85.7267,68.3967,458.7754,505.7935,8.0761,9.619,38.8862
2016-11-18T00:00:00,69.221689,3,27.3006,494.6887,249.9586,112.6008,117.824,296.5038,378.0838,497.1935,495.7513,138.3201,141.917,493.2928,492.5173,1101.0636,496.0707,59.5044,68.0333,469.8929,518.7573,6.731,8.2245,35.1761
2016-11-22T00:00:00,69.3680077,6.2792,23.0031,459.1378,249.9355,114.2583,118.8509,230.6086,355.3377,461.5606,459.7228,143.5885,150.0131,458.4702,456.7976,990.8687,458.4297,46.24,66.9233,438.5575,478.778,6.1028,8.2183,50.3194
2016-11-25T00:00:00,70.16545973,3.4683,24.5869,487.3462,250.0627,116.3232,121.871,289.7983,374.1438,489.5599,487.9973,153.0722,159.6097,486.1396,485.6882,1068.2612,492.0022,57.79,67.1367,464.973,509.5032,6.8059,8.1885,35.9798
2016-11-27T00:00:00,70.0761285,2.9792,24.9413,478.4139,249.9326,118.6706,119.6927,315.5529,366.7498,480.2133,478.3401,145.5538,151.3729,478.2224,476.8798,1077.7747,489.45,62.89,69.6,455.272,499.6647,6.9986,8.2798,39.6292
2016-11-29T00:00:00,69.29715961,3.5233,19.6568,501.4185,249.8979,83.9278,117.9715,306.4695,387.2251,502.8477,501.0602,175.1435,181.6996,501.9218,499.8441,1071.3427,510.4292,61.5267,71.3533,483.1909,521.8014,6.2523,7.9444,30.9402
2016-12-02T00:00:00,71.07169554,2.8383,21.3498,499.6504,249.9731,119.8605,126.0684,309.3942,385.2927,501.2736,499.6942,175.2153,182.3248,499.1438,498.4899,1086.0642,508.1374,63.6867,73.0967,479.9238,521.6336,6.453,8.0331,31.2894
2016-12-09T00:00:00,67.1441158,2.85,24.4664,485.0153,229.9288,108.1653,121.6801,301.896,374.0686,487.8006,485.5084,175.5301,182.7494,482.9912,483.761,1138.996,508.8724,63.1067,73.65,463.3342,507.8423,6.2394,7.9683,34.1631
2016-12-11T00:00:00,65.72632849,3.1667,19.8343,492.5756,249.9326,104.9661,112.426,283.7205,384.9919,495.7235,493.4915,158.2503,165.5334,488.9523,492.1353,1062.4889,492.2974,57.18,73.29,475.8892,514.2315,6.3252,7.9622,32.8465
2016-12-13T00:00:00,69.20356716,2.7567,18.6769,503.259,250.0772,107.2533,118.0207,286.7377,392.8371,506.3607,504.5679,148.8824,155.124,499.1959,502.9114,1113.7714,510.6318,57.6233,73.9567,487.6838,525.5285,6.4447,7.9735,29.5425
2016-12-16T00:00:00,69.06867956,3.84,16.1572,504.163,249.9384,111.6933,118.4257,303.4929,396.213,505.7299,504.1558,155.2504,161.8083,504.202,502.5642,1047.1163,502.5005,60.26,75.2633,489.5726,524.0874,5.5862,6.9459,28.0671
2016-12-20T00:00:00,73.24242551,3.1817,18.3071,499.1228,249.9384,112.7397,135.0188,315.2029,388.8798,501.071,498.7241,188.5854,195.3234,499.057,497.6391,1092.7827,492.8356,63.6733,75.1133,482.7639,520.9275,5.5567,6.8676,28.0504
2016-12-23T00:00:00,68.2531281,2.8,18.485,484.0609,220.0557,112.2165,127.6826,305.2922,374.6674,485.7982,483.9247,172.5325,179.4046,483.9925,482.5283,1088.5294,491.8517,64.8533,73.9567,467.3132,506.0771,6.8085,8.5243,30.3515
2016-12-25T00:00:00,66.74562168,3.1983,18.3113,494.9867,234.9131,111.0266,121.2461,310.8435,384.6563,496.881,494.6515,173.3311,180.0455,495.0869,493.3275,1093.6941,496.308,64.94,74.995,478.5696,516.3265,6.5582,8.4557,29.3428
2016-12-27T00:00:00,70.10385691,2.925,20.3435,505.9701,250.0599,108.1144,124.434,350.3939,390.303,507.3503,505.4987,180.5833,187.5867,506.106,504.9254,1122.7727,523.1904,71.9333,75.7567,487.0068,529.4291,6.727,8.599,27.8542
2016-12-31T00:00:00,71.86946171,2.9383,29.8458,440.3035,250.0396,109.8136,129.8204,330.5261,332.2936,442.6475,440.2627,177.787,184.9427,439.0246,439.2792,1137.4943,466.1732,66.16,74.04,412.8016,464.9925,6.4536,8.4998,64.2744
2017-01-01T00:00:00,67.17430263,3.0672,25.7232,461.8394,245.2028,117.2677,149.2138,311.8531,347.6978,464.2286,462.0335,187.8864,194.8962,460.2064,460.8893,1137.8936,478.4308,63.3767,74.6633,438.5054,486.5968,6.3794,8.4771,50.3172
2017-01-03T00:00:00,70.475956,3.1017,23.3386,457.5201,245.3851,118.7308,144.5911,319.3194,349.0198,459.6913,457.9632,185.9975,193.1431,455.507,456.9191,1116.384,469.524,63.96,73.95,436.3527,480.9252,5.5229,7.4793,48.8601
2017-01-06T00:00:00,,3.0058,23.0903,463.1324,250.245,118.0641,146.483,297.9734,352.1701,465.606,463.3856,188.4813,195.4016,461.7285,461.8094,1114.1445,473.8414,60.24,74.44,442.5156,486.4406,5.5196,7.5691,48.4691
2017-01-08T00:00:00,68.51335753,2.7733,23.6804,472.5361,250.3839,118.2771,158.0253,296.3939,359.8013,474.6053,472.8043,196.1084,202.9507,471.1387,471.5959,1110.2039,483.4774,64.26,73.2733,450.925,497.697,5.8263,7.8722,42.5255
2017-01-10T00:00:00,69.23730962,6.3021,18.3174,462.6506,250.083,114.6842,120.2626,284.0243,364.4703,465.7738,463.8371,162.9215,168.3519,458.9331,462.0583,987.2144,464.5295,56.66,73.2867,447.4564,485.0747,5.4418,7.5245,42.5123
2017-01-13T00:00:00,69.99149499,6.9614,16.7685,470.9668,249.9528,113.6703,121.6367,265.7736,368.9541,473.0196,471.1396,162.1229,168.5968,470.5484,469.1594,983.8638,471.5496,53.4067,72.8033,456.2512,490.2544,5.4378,7.4291,39.8345
2017-01-15T00:00:00,69.71265582,5.1183,19.3626,464.6988,250.0743,114.8093,121.9086,281.5538,362.9111,466.7982,465.1082,169.5233,176.633,464.2807,462.6081,1007.6302,461.9021,56.2767,74.1333,447.4355,486.4405,5.7686,7.9803,42.5989
2017-01-17T00:00:00,69.9002972,3.0267,23.5696,476.3162,249.9384,113.3231,120.9626,325.0876,362.7664,478.0431,476.2402,167.6344,174.5204,476.1043,474.8773,1119.5785,487.3202,65.8783,74.4733,454.4734,499.8846,7.7234,10.5071,40.6399
2017-01-20T00:00:00,68.61454385,3.6967,23.3374,491.8189,250.0165,119.504,155.4767,396.0742,372.7553,493.9873,491.9171,194.9001,201.7472,490.1329,491.2383,1131.2098,514.7177,79.285,76.1967,470.6498,518.0628,7.5952,9.2575,31.4028
2017-01-22T00:00:00,70.22958212,3.6333,20.4803,484.78,250.0772,112.8693,123.9046,291.7943,375.4977,486.9672,484.9087,178.2708,185.1798,484.5076,482.7366,1119.1792,492.4247,57.8467,74.6033,466.4868,507.7728,6.1475,7.5383,35.7244
2017-01-24T00:00:00,69.1030408,5.8925,16.2702,477.007,249.9152,112.4017,118.6166,287.9382,373.6318,478.5697,476.8445,166.8775,173.9786,477.5685,475.0452,1002.8474,472.6897,57.6433,73.5117,462.2995,497.1125,5.4782,7.2405,37.9229
2017-01-27T00:00:00,69.19803928,6.1183,15.4179,482.4398,249.9384,115.0778,121.5557,235.2863,380.7539,485.1094,483.4825,160.7526,166.8697,480.6937,480.4738,992.6221,467.7994,46.88,73.1467,469.6916,504.1094,5.1038,7.2611,34.2886
2017-01-29T00:00:00,70.35464241,3.5767,20.6051,492.7692,250.4706,115.1472,141.9413,318.6656,381.4858,495.4283,493.0446,191.8354,198.8713,491.383,491.2209,1111.0892,500.5039,63.7233,74.9833,474.8232,515.2733,5.5092,7.4051,27.9127
2017-01-31T00:00:00,67.95517271,3.5067,19.9661,491.921,250.6326,119.8049,159.3068,307.1233,379.4377,493.9178,491.5906,198.0899,205.1232,492.4247,489.7509,1124.2917,499.3464,60.8433,73.6933,473.9518,513.9305,5.5892,7.762,32.2779
2017-02-05T00:00:00,68.56284262,8.5017,20.5522,449.8759,249.9239,111.2859,119.1113,265.4525,348.071,453.2904,451.5891,149.0907,155.3715,445.9231,448.701,965.2622,448.6895,52.77,72.5883,432.7383,470.6815,6.2977,8.4987,53.1295
2017-02-10T00:00:00,70.62892053,3.0006,25.8513,492.7915,250.0772,106.2254,131.5532,366.4171,371.0022,494.3171,492.6418,180.5485,187.6337,492.5636,491.6434,1161.087,512.3564,74.2267,75.0167,468.4659,516.1645,7.3753,10.0721,34.6087
2017-02-12T00:00:00,69.3403362,2.8517,25.8447,473.559,250.0772,102.165,120.0022,315.955,356.6568,475.4156,473.7767,163.7872,170.4671,473.0891,471.9547,1130.0554,484.577,65.3467,73.5133,449.5709,496.0129,7.6934,10.6607,42.9974
2017-02-14T00:00:00,70.75360243,2.9967,27.0214,482.1779,250.0627,100.3686,140.5354,379.3017,360.5303,483.217,481.7112,184.8679,191.4655,482.7482,481.0351,1172.6924,513.7685,76.06,75.7833,456.1956,506.0308,7.7128,10.5388,39.8422
2017-02-19T00:00:00,68.23514289,5.6133,,465.5016,246.7765,100.5862,120.4477,286.6509,365.691,469.6977,468.1459,164.609,170.3629,457.8741,466.2889,1024.678,465.6407,56.9733,77.17,451.9805,487.0945,5.2689,7.4643,41.4156
2017-02-21T00:00:00,67.41768221,6.7333,16.3107,485.3974,249.9384,99.2435,117.8413,262.8287,382.4028,490.1618,488.4719,135.0771,141.1668,477.0245,485.9312,991.5978,478.5581,52.2783,76.6467,473.8511,506.6964,5.3659,7.4093,36.1824
2017-02-24T00:00:00,,6.3756,14.4818,494.1181,249.6925,102.1326,147.6864,255.8397,389.4699,498.4609,496.8256,183.9559,190.7465,486.3017,494.8843,1009.8784,485.4798,50.8667,75.9433,483.9791,515.5974,5.2562,7.5872,29.1776
2017-02-26T00:00:00,69.15184501,6.5833,15.9229,483.7557,250.4041,101.6233,127.7636,250.7859,383.7074,488.5066,487.0388,176.5532,183.695,475.4445,484.033,996.5543,472.0878,,,472.5838,505.3653,4.7629,6.7258,33.3462
2017-02-28T00:00:00,70.5522328,6.8217,16.4585,,250.9335,100.8038,127.1793,294.881,,486.0181,484.2697,174.5972,181.3818,,482.9855,981.5201,477.991,59.3017,77.775,469.5596,503.0966,4.9781,6.9966,34.0628
2017-03-03T00:00:00,70.8399518,5.6997,18.2,469.4799,250.9422,101.2761,123.3897,318.9896,370.1228,471.5207,470.019,170.9144,177.9771,467.8457,468.5344,1003.1077,464.79,63.3033,78.37,453.3207,488.6803,4.7432,6.8961,40.4772
2017-03-05T00:00:00,69.14806899,6.8317,16.552,469.706,250.2074,99.8315,119.9299,265.4033,373.2384,472.4004,470.9983,162.4493,168.8651,467.4232,468.002,969.0034,452.6307,53.1,76.6467,455.8484,,4.617,6.8007,40.0652
2017-03-07T00:00:00,69.63127302,6.01,15.2465,492.3525,250.0772,98.3314,120.2828,286.5352,388.793,495.1216,493.6698,141.4497,147.4968,488.2231,492.3958,995.7209,478.6565,57.6033,81.3,479.8751,512.3622,5.4017,7.507,31.9529
2017-03-09T00:00:00,69.56923668,6.965,16.1252,483.0794,249.9384,97.7434,121.3445,282.0398,381.5031,486.5736,485.1726,150.8291,157.0465,478.1183,482.453,971.0519,472.6434,56.6333,76.9275,470.4485,503.166,5.4045,7.4689,34.4621
2017-03-12T00:00:00,70.15347909,6.765,15.8453,485.7307,249.9152,98.8917,120.8035,303.8371,383.4471,488.7208,487.0388,150.0305,156.1139,481.5676,485.5956,,475.0626,60.85,77.4967,472.8754,505.7009,5.3905,7.4477,33.3491
2017-03-14T00:00:00,67.42921477,6.4867,14.7543,478.5292,,100.2575,128.5505,277.1597,378.3876,481.3766,480.2596,163.234,170.0425,474.1482,478.3324,972.6143,463.4994,55.3367,76.5433,466.6223,498.9008,5.434,7.4735,33.3213
2017-03-17T00:00:00,66.35177565,6.06,12.8857,483.1795,225.8731,101.3872,157.817,304.3838,,485.6882,484.1493,211.4022,216.9236,479.9587,482.9218,1001.9533,479.7851,60.44,79.545,472.8025,502.9693,5.5475,7.5284,32.6827
2017-03-19T00:00:00,65.9666288,5.2392,20.177,459.4764,249.9152,97.924,120.7515,285.6703,358.054,462.6544,461.274,153.1092,159.0627,454.61,459.3672,1013.3157,,56.94,78.3067,442.4774,481.2435,6.5192,9.0181,42.5107
2017-03-21T00:00:00,70.00787344,2.6883,19.027,475.1449,250.1929,95.822,121.0986,281.7448,369.8827,478.2398,476.6245,157.7989,164.0746,471.2834,474.4317,1075.0057,462.9843,59.36,73.8,459.2128,496.5569,6.3976,9.04,
2017-03-24T00:00:00,68.86576881,2.8067,22.7382,494.3588,250.3549,93.8914,111.0259,342.1754,379.7617,496.9678,495.4966,138.8664,144.3891,491.5103,493.4606,1102.4872,484.0909,67.66,74.5267,474.2296,517.484,7.4773,8.9751,34.2811
2017-03-26T00:00:00,69.62978167,5.0133,19.9868,490.6209,249.9384,98.5583,120.1353,330.4827,378.2053,492.9456,491.3267,169.2038,175.7395,488.0436,490.1676,1079.5193,494.3692,66.7167,75.0367,472.9588,513.2476,6.7535,9.0276,32.4759
2017-03-28T00:00:00,,5.1442,24.1192,485.7845,249.8226,96.1554,120.3349,351.632,368.2946,488.5471,486.4669,158.2874,163.7047,,485.4914,1084.3456,488.8018,69.5533,74.61,464.4279,509.1213,7.5845,10.3899,36.5374
2017-03-31T00:00:00,70.85871622,3.8083,25.237,483.5916,250.0772,104.2948,136.6387,367.0709,364.9042,485.8907,484.86,178.1481,184.9167,480.6937,482.9218,1131.9738,496.2964,75.9933,75.4533,460.6537,507.1188,,10.5603,35.7014
2017-04-02T00:00:00,69.70247949,4.55,24.4313,470.5203,250.0772,100.063,117.9483,338.8169,361.0568,473.0544,471.6512,142.7946,149.5755,467.8052,469.5703,1059.7372,469.4488,74.3633,74.2267,448.623,491.4061,7.3409,10.4816,40.4562
2017-04-04T00:00:00,71.41347474,3.7925,23.3763,486.3424,250.1929,103.2993,131.909,330.4191,370.6378,488.8596,487.3907,175.5509,182.2102,482.5283,486.591,1098.8589,499.6068,67.0667,78.3867,465.4834,509.6306,7.4312,10.3331,35.6782
2017-04-07T00:00:00,69.6753746,3.7975,24.8279,490.0273,250.0772,103.0817,123.8555,251.8765,370.3861,491.8459,490.5904,167.8821,174.0228,488.796,488.877,1108.5198,497.3787,50.4283,81.17,467.018,511.0658,7.2893,10.5571,34.6668
2017-04-09T00:00:00,68.61725188,3.875,24.7204,491.5014,249.9384,97.0351,113.4847,243.4209,373.8661,493.3738,491.6022,133.2276,139.6351,490.8621,490.1676,1098.1818,499.8557,49.4533,77.7967,468.6534,511.8297,7.56,10.49,35.8379
2017-04-14T00:00:00,69.03646759,3.01,24.5672,509.1076,250.1004,98.9889,116.1288,286.5381,387.0891,511.8413,510.1548,135.6234,141.7633,505.2842,509.1502,1149.1084,521.2227,56.7167,81.1033,487.2741,531.0959,7.8242,10.5769,27.9961
2017-04-16T00:00:00,68.97093693,3.0333,21.8445,514.9942,249.8226,101.4659,120.7168,273.7982,394.6075,516.5696,515.1581,146.3431,151.9981,514.2952,513.9537,1140.9838,526.0031,55.3033,80.71,494.7252,535.992,7.4611,9.9157,25.9983
2017-04-18T00:00:00,69.42521216,2.9717,19.6404,509.7842,249.5449,103.3317,122.302,208.6378,395.6837,511.8761,510.4997,170.2015,176.5366,508.4673,508.2937,1121.9568,506.025,42.0833,79.7233,492.2357,529.024,6.6026,8.9803,27.9127
2017-04-21T00:00:00,69.64686487,2.9942,21.3281,501.7151,250.0772,103.4104,121.1565,226.2029,387.147,503.4323,502.3568,165.3382,172.0145,500.5907,500.4807,1107.7908,500.1393,45.2433,78.855,482.1042,522.3628,6.7049,8.9256,30.0126
2017-04-23T00:00:00,69.18587787,3.11,20.0088,503.4346,250.0772,103.2715,121.5181,227.9588,389.2125,505.0296,503.4936,153.7758,160.3079,503.0793,502.1359,1097.8867,502.1649,45.8533,81.08,485.0208,522.1544,6.5239,8.9235,30.3107
2017-04-25T00:00:00,69.17112349,3.05,20.7658,526.1437,250.2161,100.1649,114.4047,281.603,406.74,528.0807,526.392,119.214,124.5994,524.7877,525.3143,1136.1923,527.5541,57.4533,80.5233,507.3149,547.1328,6.8928,9.0651,27.0864
2017-04-28T00:00:00,69.3394429,3.1067,21.388,509.2162,249.9384,103.8827,120.9482,221.8868,392.9586,512.1481,510.9072,165.7757,172.2385,505.0296,508.7798,1137.2773,505.3768,45.51,79.62,490.7601,531.8078,6.7671,8.9587,27.3021
2017-04-30T00:00:00,69.22643223,3.02,21.7094,494.2237,249.9384,103.6234,121.4862,260.7545,381.0403,496.7479,495.2512,164.572,171.0141,490.9778,493.9178,1117.9205,501.0942,51.8067,80.6967,475.0385,516.5928,7.16,9.0148,30.7549
2017-05-02T00:00:00,68.8290755,3.5483,21.0022,494.2885,250.0772,100.3964,120.9945,185.2437,383.5975,497.3845,496.1472,154.3777,160.722,489.8667,493.7558,1062.3586,476.5441,37.0233,76.78,476.3822,515.7941,6.6423,8.9245,31.901
2017-05-07T00:00:00,69.55523311,3.0133,20.8583,514.2539,250.0772,98.6416,120.8267,260.7372,395.8051,515.9793,514.5353,147.9958,154.4415,513.4676,513.0336,1116.2279,512.8947,52.92,80.46,495.121,535.095,6.8126,9.0089,26.0273
2017-05-09T00:00:00,70.51535463,2.9089,20.3462,509.1148,250.0772,103.6234,129.4704,261.443,394.4947,510.6549,509.055,160.5304,167.4688,508.9882,507.7612,1101.2112,509.59,53.5733,79.3533,490.3087,528.7926,6.9175,9.0361,26.087
2017-05-12T00:00:00,68.67003938,3.0367,21.9918,507.5319,249.5449,103.6003,143.7666,265.9587,388.7062,509.3528,507.3764,180.0022,186.3989,507.2519,506.1466,1108.3983,505.8745,52.4567,79.5867,487.3609,527.7335,7.0671,9.0103,28.2905
2017-05-14T00:00:00,67.73867765,2.985,22.6559,481.7213,236.4695,84.3723,127.3818,238.0142,371.2799,483.8478,482.2577,163.991,170.0347,480.4101,480.3696,1079.4586,473.1585,48.29,78.2167,461.1919,501.0247,7.0238,8.929,33.7396
2017-05-19T00:00:00,70.57274236,3.56,23.138,511.3697,235.6595,84.7704,133.2831,285.5256,392.8719,513.3287,512.0556,182.8865,189.2435,509.2312,510.8633,1125.3855,519.6774,57.64,75.1933,490.1907,533.5671,7.3508,8.9902,26.6229
2017-05-21T00:00:00,66.22079032,5.5383,19.0051,488.5703,252.1138,120.1059,145.9854,175.9578,386.4672,490.457,489.0508,187.5299,194.0418,488.1883,486.5852,991.1378,466.6188,35.37,70.85,471.4519,505.4752,5.8018,7.4652,42.9009
2017-05-23T00:00:00,68.19356335,3.4517,27.9514,487.8561,249.6606,131.1389,144.4493,248.4804,370.1026,489.5599,487.8723,183.1087,189.7931,487.3781,486.6142,1108.1727,498.0558,50.7933,71.3,461.6086,507.8423,8.1645,10.5535,37.1997
2017-05-26T00:00:00,69.0661189,3.4783,30.7107,488.8464,250.3318,88.979,144.3799,286.7695,368.8847,491.1283,489.3911,188.4419,195.0004,487.3087,487.5575,1142.3119,500.4923,58.74,71.84,460.4176,509.8736,8.1923,10.5005,37.0776
2017-05-28T00:00:00,68.66998869,2.9767,28.7912,494.9254,249.9384,86.4511,157.1111,339.0975,372.3387,496.771,495.3669,193.1085,199.7466,492.9108,494.6528,1138.8572,511.9744,68.1,72.9433,467.9798,515.1401,8.2028,10.4487,34.8119
2017-06-06T00:00:00,66.21190868,3.1317,22.3898,495.0672,239.802,89.7615,149.9919,277.8655,381.6073,496.661,495.1122,190.5553,197.3865,494.5776,493.9178,1100.4474,497.2108,54.76,72.3333,474.2712,512.7673,7.4199,9.6554,32.7257
2017-06-09T00:00:00,68.61413287,4.7383,20.376,505.633,240.3574,87.891,147.0442,263.2742,394.4976,507.3445,505.3019,187.8447,196.4409,505.1743,504.7113,1026.4835,504.8328,53.7767,72.5217,486.9686,521.7203,7.2327,9.0164,27.4437
2017-06-11T00:00:00,68.74461503,4.1217,23.9346,502.8588,238.8531,84.488,147.5793,297.1403,385.9783,505.4694,504.2461,182.1226,187.4357,499.9193,501.8002,1072.5579,497.0488,59.9133,73.6267,481.5348,522.2065,7.0102,9.0136,29.7374
2017-06-13T00:00:00,68.08453782,5.8967,19.2295,486.981,239.9408,82.4833,120.2655,216.8331,383.0652,489.3863,487.7056,158.9633,165.2677,486.0701,484.7622,977.5881,469.333,43.8433,71.2678,470.1568,503.6464,5.5122,6.9492,32.4644
2017-06-24T00:00:00,73.47196291,2.9711,29.5488,524.4699,239.9495,90.5532,143.0868,370.6435,397.6131,526.3503,524.8129,191.0229,197.4386,522.6232,524.0932,1179.2026,539.7538,75.68,73.6267,496.8015,545.8074,8.0423,9.9873,25.156
2017-06-25T00:00:00,69.88996538,3.0317,26.0294,502.4823,239.7181,82.2564,,337.3387,385.1596,504.6302,502.9194,160.3452,166.2627,500.365,502.0144,,502.9346,66.44,73.1467,478.6009,520.6613,8.1132,9.9693,29.3943
2017-06-27T00:00:00,69.79328683,3.02,25.3122,505.7184,240.1838,89.6411,120.0225,328.1627,390.1295,508.1664,506.6679,159.5535,166.6587,503.1892,504.8502,1105.0912,506.0019,65.68,72.9233,482.8542,524.4578,7.9726,9.9804,29.0456
2017-06-30T00:00:00,70.3673841,2.9883,27.3305,503.9766,239.9235,82.724,120.7833,342.2709,384.3323,507.0841,505.2393,172.9214,179.6469,499.0917,504.4914,1123.6581,510.7012,69.26,72.97,479.7536,523.7691,7.8849,10.0917,29.6302
2017-07-02T00:00:00,70.24489731,3.0622,30.5529,507.5803,239.0556,90.7477,142.4157,396.6354,384.0054,509.8794,508.2585,,193.9662,504.5145,507.6686,1155.9397,525.8815,80,76.4317,479.3265,527.282,7.8622,9.9205,29.8194
2017-07-04T00:00:00,69.44064697,3.01,32.0404,499.747,239.9264,92.6876,135.6668,409.76,376.8457,502.1938,500.7176,182.1388,188.884,496.5916,499.4853,1161.4863,522.2123,80.72,74.8,470.1533,519.8105,,10.4909,32.6728
2017-07-07T00:00:00,69.68544827,2.955,31.7384,501.2553,240.2185,92.5302,139.7659,392.7417,377.3896,503.0098,501.8891,184.6711,191.1347,500.5502,499.5721,1159.4985,522.0619,78.3,73.2,471.2713,521.0606,8.2303,10.3555,32.4276
2017-07-09T00:00:00,69.41747636,3.1889,22.3987,490.559,240.774,82.6685,121.7813,309.7066,380.2187,493.1597,491.5189,160.2156,166.8306,488.4314,489.1259,1042.8456,483.8825,62.06,72.2067,470.761,507.0841,6.8088,8.3307,31.0614
2017-07-11T00:00:00,70.30723056,2.9233,28.8585,495.9058,239.4693,104.6651,123.7773,328.0846,380.7481,498.7098,497.2516,177.7754,184.3671,491.9906,495.6714,1122.712,509.6653,67.26,72.94,469.8513,514.6598,6.846,8.4867,32.801
2017-07-14T00:00:00,69.71065366,2.9971,29.9299,504.1696,240.8636,101.4474,148.1145,394.4918,381.7982,506.4128,504.7091,191.5437,198.2305,501.2447,504.312,1166.625,527.6698,80.12,73.3333,476.4829,522.8953,7.6114,9.2491,30.7367
2017-07-16T00:00:00,71.06135872,2.985,31.9266,495.7189,240.5194,106.818,143.2372,388.171,372.4515,497.5523,495.867,185.5531,192.3382,494.3866,495.0695,1163.83,523.526,78.96,73.14,465.6257,514.1447,8.535,10.5199,34.4059
2017-07-18T00:00:00,67.27233172,3.0067,27.854,520.1188,239.3883,108.7163,168.0402,425.7052,387.9251,521.9403,520.1406,198.9371,205.6859,518.1207,520.2736,1170.6006,557.3591,85.82,75.38,494.0863,539.0363,8.613,10.504,25.8118
2017-07-23T00:00:00,70.7807349,2.9617,27.209,493.4808,239.1193,96.3498,120.5172,361.4705,380.5745,495.9839,494.2995,170.1089,176.732,490.428,493.2118,1098.4509,503.8142,73.08,73.1467,468.7749,512.1249,8.5401,10.4599,33.2323
2017-07-25T00:00:00,69.74341971,2.9983,30.8107,505.0412,239.0932,98.2527,123.3608,434.2534,387.876,507.2519,505.6955,178.6643,185.198,502.1938,505.0238,1158.6913,531.3969,85.58,73.7833,476.4413,524.8918,8.521,10.4678,31.7572
2017-07-28T00:00:00,69.43157749,2.9583,31.7519,507.371,240.2272,97.5119,137.3099,429.8535,387.7342,509.4396,508.0409,184.5184,191.416,504.6129,507.3908,1157.7018,531.8541,88.1,73.0133,477.6877,527.2184,8.4093,10.425,30.2396
2017-07-30T00:00:00,70.26063005,2.9658,27.2682,495.0044,240.071,99.6648,128.4897,382.8222,383.5512,497.7375,496.1402,175.9722,182.5827,491.0531,495.0869,1100.6643,503.3513,77.6,72.2417,470.4693,512.7789,8.5455,10.4942,32.6808
2017-08-07T00:00:00,65.60296649,8.0179,19.8167,515.0072,250.6182,89.2244,163.4637,372.926,,516.5175,514.9729,198.3237,204.9382,514.735,513.8032,959.7242,537.7745,75.22,73.3967,496.7008,529.9905,6.6825,7.8078,25.3188
2017-08-08T00:00:00,67.08823522,7.9475,20.6454,514.734,249.8487,86.84,166.3884,391.6598,398.3161,516.5233,514.8062,200.4903,207.3139,514.4052,513.2014,970.5745,539.7828,77.38,74.3033,495.8779,529.9269,6.9801,8.4618,25.9747
2017-08-11T00:00:00,69.82557904,3.0933,26.1901,501.1748,249.6606,82.4277,147.4897,363.7818,381.885,503.0966,501.9493,189.222,195.8236,500.1335,499.52,1097.2791,502.2343,72.04,72.7367,476.9065,519.0408,8.0307,9.7963,31.5129
2017-08-13T00:00:00,70.08965793,3.0342,31.2384,501.1569,249.5015,86.8632,139.6039,422.9454,380.0278,502.8188,,188.884,195.5735,500.3071,499.8557,1131.0884,521.9634,83.54,73.3283,471.5804,519.8684,8.1517,9.9591,33.3457
2017-08-15T00:00:00,68.50565589,3.0408,31.463,501.3273,250.5863,84.7797,140.5209,439.0613,378.5293,502.9114,501.4307,189.4303,196.0919,500.2087,500.7585,1131.0276,524.2668,89.84,74.0933,471.4484,519.718,8.1338,9.941,33.7138
2017-08-22T00:00:00,71.20794432,3.075,27.8414,498.7739,250.4186,91.6412,145.3172,417.478,383.2388,501.0536,499.4696,191.4395,198.1993,495.7929,498.7792,1107.9122,513.1551,82.48,73.1583,473.2122,516.94,8.2656,9.901,32.9326
2017-08-25T00:00:00,72.24843001,2.98,25.5182,494.9416,249.9065,93.4515,143.0926,370.2212,,497.3729,495.9295,186.9489,193.6042,491.4292,495.0348,1082.5922,495.9839,75.18,72.54,471.8546,512.2986,8.3956,10.0292,33.5385
2017-08-27T00:00:00,69.6805515,2.9758,31.4798,505.5624,250.0425,96.6276,145.025,478.1691,387.0573,508.5425,506.7906,190.7798,197.3709,501.2099,505.7067,1129.96,527.7277,97.1313,73.87,477.0627,525.5285,8.6493,10.4663,31.7152
2017-08-29T00:00:00,70.14458396,2.9817,26.4175,495.8444,250.0772,97.7573,139.9713,405.956,384.0546,497.4944,495.8485,184.9443,191.5567,494.8554,495.1795,1084.4758,501.1231,80.36,73.1567,471.0769,512.3448,8.707,10.5137,33.6992
2017-09-01T00:00:00,72.4788414,3.0061,25.4397,496.1428,250.0772,97.7481,145.7453,405.9271,385.3506,498.9297,497.1173,188.1942,194.9144,492.4189,496.1055,1090.6908,501.3199,80.52,73.4333,473.49,513.7917,8.6742,10.4085,32.9508
2017-09-03T00:00:00,69.75640144,2.8883,26.7131,488.1337,249.9239,96.9564,129.9564,402.2069,379.1368,490.6479,489.1156,177.75,184.2446,485.0342,487.7369,1077.2799,495.8277,81.5983,73.2767,463.9348,505.6662,8.8219,10.5279,36.2368
2017-09-05T00:00:00,70.44273264,2.9483,30.1174,504.2819,250.4793,98.2203,150.5155,456.9793,387.1962,507.1072,505.1583,195.1085,201.8253,500.7585,504.1036,1114.431,521.541,90.24,74.07,476.9898,523.5839,8.6689,10.4445,31.5886
2017-09-08T00:00:00,71.62413816,2.985,30.2691,504.8398,250.3491,97.336,150.773,478.0736,386.9966,507.2346,505.3528,194.9302,201.6977,501.9333,504.8386,1121.3145,517.5129,97.34,74.4167,476.9655,524.0758,8.7592,10.5116,31.7365
2017-09-10T00:00:00,72.02252952,2.9861,27.3298,483.1,250.8308,92.3303,123.1299,369.6249,373.2026,485.9525,484.5441,172.4368,179.1029,,482.1463,1073.912,489.556,73.8064,72.2957,458.6227,501.2715,8.7127,10.478,38.2699
2017-09-12T00:00:00,69.16583277,3.05,30.9936,493.758,254.59,,148.1376,492.2484,376.4899,496.2964,494.5635,193.8863,200.6792,490.1676,494.0046,1136.9475,,98.62,75.1367,465.3029,513.0393,8.5931,10.5088,33.0723
2017-09-15T00:00:00,66.45684278,3.13,22.0718,495.883,249.3569,80.835,,390.1989,379.9236,498.7387,497.1312,202.5528,209.2807,492.0775,495.5846,1096.6106,502.1475,78.46,74.6367,,513.7222,5.6876,6.9019,31.9808
2017-09-17T00:00:00,71.62101516,4.8333,19.4412,473.261,249.8834,79.5572,134.5501,322.082,,477.0881,475.4553,183.5531,190.2907,469.2983,471.2024,1003.915,466.8561,63.98,72.0567,457.6469,490.4743,5.6615,6.9663,38.9281
2017-09-19T00:00:00,68.12410437,3.5433,21.2772,489.839,249.6462,79.5618,155.4593,348.9215,379.4319,492.8992,491.2665,197.8098,204.4381,486.0239,489.1664,1052.2202,486.9556,69.72,73.1011,471.622,507.7844,5.622,6.9254,33.4695
2017-09-22T00:00:00,72.11225722,4.3192,19.5618,475.3451,249.5218,79.5387,136.9512,327.8792,372.79,478.8822,477.6224,185.5299,192.1037,471.5901,473.2858,997.6046,466.8329,65.4367,72.8917,459.3205,492.7083,5.6972,7.0034,38.0865
2017-10-01T00:00:00,73.04342876,3.4933,21.8189,490.6241,250.0251,82.7657,144.889,401.2523,378.7955,492.934,491.3684,190.0831,196.8707,488.3619,489.8319,1056.5516,491.898,81.56,74.6967,471.1151,507.6223,7.194,8.9622,33.7208
2017-10-03T00:00:00,71.48357975,3.8,22.6664,481.6238,249.9615,81.3953,126.8987,342.404,373.4322,484.5076,482.9268,179.0856,185.6956,478.2572,480.8036,1032.0475,481.2087,69.32,72.57,461.8412,499.1265,7.3026,8.9605,37.1608
2017-10-08T00:00:00,69.13398834,2.9317,22.877,479.6526,249.6606,81.9416,128.2149,400.749,373.4611,483.8015,482.0446,172.6644,179.4672,472.7592,480.005,1048.6266,478.0489,79.44,73.1167,460.9246,497.8648,7.3874,8.9939,37.5225
2017-10-10T00:00:00,69.96387145,2.9017,23.1619,484.7505,249.9673,82.0897,137.5558,408.7215,373.3801,486.4579,484.9179,183.7892,190.6033,483.6394,483.9867,1075.5613,488.8018,83.76,73.59,463.296,500.8858,7.5018,9.0153,37.8462
2017-10-15T00:00:00,69.83507951,3.065,22.3622,471.0441,249.1023,81.5527,141.435,411.9007,363.6719,474.6169,473.1215,182.0022,188.7407,465.0851,471.3528,1050.2151,470.2012,81.72,69.9033,452.2548,487.8295,7.3284,8.9136,41.2297
2017-10-17T00:00:00,68.11853037,3.27,24.1784,463.1981,249.8226,81.9462,134.7613,433.0963,356.6857,466.3641,464.7077,179.7847,186.4484,457.6773,464.0434,1037.6982,478.1357,87.46,70.5367,442.1858,479.9529,7.3858,9.0395,45.5674
2017-10-20T00:00:00,70.21541562,3.2178,24.2925,458.6143,249.7966,83.0065,125.5304,417.4028,353.6281,461.8847,460.3201,174.4422,181.1317,453.1168,459.1357,1031.5006,473.0428,83.52,70.7517,437.5922,475.6181,7.3523,8.936,47.5367
2017-10-22T00:00:00,70.61003726,5.0883,19.9114,455.351,250.3376,82.3768,126.1957,361.8321,355.5836,457.5557,456.1387,176.4421,183.0073,453.4641,454.2454,969.9235,445.7206,71.74,69.5933,437.6443,470.8667,5.7857,7.0164,47.9844
2017-10-29T00:00:00,70.43304888,5.42,18.6026,467.9798,249.6606,82.3722,126.2044,373.9934,369.9782,470.6526,469.3429,176.8634,183.1818,466.2484,465.6754,953.353,460.189,74.76,69.78,452.0499,483.6915,5.4493,6.6114,42.3269
2017-10-31T00:00:00,70.53945535,5.6317,19.478,471.5484,250.3578,80.3072,119.8952,360.5968,371.7168,474.2813,472.9571,170.7756,177.4692,469.3504,469.605,962.2155,460.3857,71.84,71.3933,454.8033,487.8527,5.6363,6.7726,40.1429
2017-11-03T00:00:00,71.56382972,5.8683,19.2501,461.4372,249.9065,81.4138,120.3002,383.8145,363.5562,463.7309,461.9872,171.2084,177.7557,460.6867,459.344,958.8128,448.9846,76.44,72.92,444.4808,476.4862,5.7874,6.7341,42.3706
2017-11-05T00:00:00,71.1915316,6.2367,17.9697,458.4586,249.9962,82.3768,125.3076,362.83,361.8899,460.9471,459.5816,175.5486,182.2102,456.3115,456.9944,930.9841,442.5896,72.46,69.5,442.9774,473.4189,5.1166,6.1093,45.2644
2017-11-10T00:00:00,70.2946328,5.6417,18.5225,453.9194,250.7483,81.7332,145.4994,370.1344,353.1247,456.3057,455.0019,187.8401,194.5419,451.1375,453.2325,934.0656,445.709,74.4,70.0133,437.7832,469.2231,4.9448,5.9078,47.7862
2017-11-12T00:00:00,67.31016662,5.4517,19.6898,483.1271,248.3907,80.4461,158.517,351.2878,377.6846,486.3885,484.7327,196.3307,202.7475,479.2989,482.0884,983.5773,478.1299,71.14,69.1067,466.6986,500.6312,5.0887,5.8813,36.9685
2017-11-14T00:00:00,69.57651987,5.6483,18.8691,447.3954,250.3231,80.3813,139.7456,376.0618,350.7642,450.8887,449.4915,183.7638,190.5356,441.8835,447.3179,933.1542,443.6197,74.74,69.22,432.0196,463.6093,5.0187,5.9409,50.628
2017-11-17T00:00:00,70.53164388,5.6333,19.1798,452.5602,249.7908,79.8581,144.5014,351.3225,351.7159,455.9526,454.4439,187.2197,193.9871,448.5217,451.3228,942.8066,446.3803,70.46,68.5933,436.7728,468.98,5.1963,6.021,48.6803
2017-11-28T00:00:00,71.06860413,4.5133,27.5517,471.5808,250.2016,77.8765,124.6712,377.5284,358.002,473.9456,472.5427,174.3311,180.8504,469.5761,470.259,1027.3602,484.6696,75.2217,69.2067,446.3939,489.7856,8.4353,10.0483,43.503
2017-12-01T00:00:00,70.35533597,4.4167,27.9265,470.4774,250.0743,76.5014,120.1613,427.9645,358.2768,472.9386,471.1905,170.22,176.7658,467.5911,470.1896,1020.3987,480.6995,86.08,69.11,445.0121,488.2346,8.3947,10.0922,45.3048
2017-12-03T00:00:00,70.8762685,4.0542,27.5969,472.0077,250.2074,76.9691,120.1613,380.1811,360.3452,475.1088,473.8392,169.676,176.2709,467.5968,471.486,1044.0348,478.4308,76.96,69.2733,447.512,490.4396,8.4431,10.0966,43.6849
2017-12-05T00:00:00,71.94753954,4.0633,28.0717,474.1691,249.9355,76.2005,119.9907,383.0508,360.3799,477.3023,475.5919,169.3427,175.927,470.3748,473.4073,1044.929,481.5328,76.1,68.7111,449.2306,492.442,8.494,10.091,42.7736
2017-12-17T00:00:00,69.55021402,3.9992,28.4503,465.7108,250.3376,77.8904,,424.1459,351.7969,468.4418,466.7775,176.9884,183.8226,461.9079,465.7159,1038.6965,478.3093,85.5,69.41,439.9914,484.4034,8.8473,10.6273,46.8331
2017-12-23T00:00:00,,3.8967,23.4811,470.4821,250.757,76.807,124.2662,358.3723,363.0355,472.6666,471.2437,173.7755,180.2044,469.2694,468.7485,1025.2943,472.8402,72.44,68.3733,449.1855,487.7485,7.1211,8.5326,43.2496
2017-12-24T00:00:00,71.33576181,3.5817,29.0525,468.5218,250.8901,75.5847,124.6047,328.0123,356.165,471.457,469.9773,172.6829,179.5141,466.7172,465.9359,1039.061,464.8189,65.42,61.1367,442.4045,485.8502,7.1953,8.5149,43.3947
2017-12-29T00:00:00,69.69483149,3.5433,23.812,481.4848,251.0347,78.5895,132.126,416.0056,370.9328,483.2227,481.4913,179.3773,185.8831,481.2782,479.9471,1056.5083,483.2343,84.68,70.62,459.4107,497.6391,7.0463,8.5521,38.5154
2018-01-02T00:00:00,69.4793749,3.6217,23.9622,477.6922,250.245,77.7839,147.0673,340.7782,362.4395,480.005,477.8956,188.4535,195.4823,477.7074,475.1609,1067.2456,478.3035,69.38,68.2433,456.0428,495.1679,6.8948,8.5047,39.7456
2018-01-05T00:00:00,69.85273574,3.5317,25.6766,480.7794,251.3124,77.8349,124.2952,,369.2145,484.2298,482.5703,176.4329,182.976,476.521,479.7966,1060.7529,484.8548,80.1,69.1867,458.5531,499.2075,7.2448,8.5134,38.7442
2018-01-21T00:00:00,69.04912965,3.1233,21.5944,479.6681,250.1524,91.581,130.9775,367.4875,371.1064,482.1231,480.2781,179.5879,186.1019,478.9517,477.3196,1037.2209,473.552,73.56,68.8433,460.5287,495.7119,6.3271,7.4561,40.982
2018-01-26T00:00:00,,5.1683,19.4634,476.8099,249.9384,80.9739,128.2785,358.0801,371.8875,479.4262,,174.7755,181.1005,474.9931,475.1031,1003.0037,466.2194,72.94,70.93,459.9628,492.9166,6.3376,7.4869,37.9706
2018-03-12T00:00:00,67.335228,1.8583,23.2819,458.559,238.6448,85.8585,151.6495,458.822,349.4769,460.3394,459.1208,186.0762,192.2366,457.9203,456.8555,1078.0437,463.864,97.1,70.9067,437.0575,474.4607,6.2541,7.4429,40.786
2018-03-15T00:00:00,68.81613365,3.0158,26.4545,472.2553,240.395,,142.6037,280.0611,354.5132,473.6157,472.0634,184.648,191.1373,472.1168,471.2255,1083.2692,479.3857,57.2567,70.1,447.1613,489.097,7.1992,8.5259,42.4414
2018-03-17T00:00:00,67.81543121,2.9933,24.5042,493.0652,240.34,99.5815,164.4994,342.6701,362.0895,494.7859,492.9266,194.4418,200.9475,492.0369,492.5115,,502.5642,66.88,71.4778,470.2818,511.0716,7.737,9.1108,34.0883
2018-03-19T00:00:00,68.27705451,3.0133,28.3636,478.1347,239.8974,100.7529,157.2095,336.4188,353.0466,480.7573,478.7106,191.1085,197.6965,475.2767,477.7942,1087.8523,485.7345,65.34,70.78,452.3937,496.8578,7.6716,9.0508,39.3857
2018-03-24T00:00:00,68.39696047,3.0433,24.7303,464.3316,239.7615,113.786,156.4255,289.1416,341.8601,,464.4553,189.6225,196.3393,463.048,463.8929,1073.6689,475.2014,55.76,70.6867,,480.9483,6.4208,7.5371,43.5044
2018-04-01T00:00:00,66.16329064,5.7162,15.1313,474.5626,,81.673,157.5103,217.9931,364.7393,477.3023,475.6035,207.893,215.1548,471.5438,473.8009,965.2709,470.8088,43.5,69.53,462.171,489.45,5.2841,6.4414,35.1528
2018-04-02T00:00:00,65.20380122,2.5472,20.1762,487.8205,240.1896,90.3402,163.7704,293.5966,366.5762,489.2706,487.3768,192.8863,199.5903,487.8411,486.7935,1096.4891,502.3848,58.56,71.0117,469.0944,502.7262,7.2041,8.5476,33.7628
2018-04-04T00:00:00,68.91383565,3.9817,22.3954,481.264,240.2185,92.6228,,299.5991,364.9447,482.7019,481.0537,188.2915,194.8233,480.7573,480.5432,1059.9196,491.1399,58.26,71.1917,460.3065,495.9029,7.322,8.8385,37.294
2018-04-05T00:00:00,69.81308354,3.9483,23.2837,475.8842,239.7991,95.1646,146.5958,280.1913,362.8098,477.962,476.0226,185.5531,191.8849,475.514,474.0382,1058.2529,482.2215,55.38,71.8867,454.6783,490.6711,7.2855,8.6209,38.2859
2018-04-09T00:00:00,69.14016181,3.6417,19.4896,483.9871,240.5715,87.0715,140.4862,248.1535,378.4049,485.8445,484.1794,181.1087,187.9645,483.4369,482.4878,1044.5557,481.2666,50.72,71.1283,466.3549,498.3799,7.1262,8.5847,34.2881
2018-04-14T00:00:00,68.79518716,3.5067,19.3323,496.9273,239.9264,93.0765,147.8079,281.3484,388.2404,498.9818,496.939,188.8678,195.3859,496.69,495.0984,1074.8234,501.4646,57.5,70.1833,479.6494,512.2465,7.101,8.6088,29.0263
2018-04-16T00:00:00,69.34127045,3.5658,20.1322,486.6754,240.4933,96.2156,127.1127,261.1682,383.1549,488.5008,486.9346,174.25,181.0666,486.5447,484.7217,1050.4581,485.0226,52.6,72.23,468.3687,501.3662,7.0732,8.5655,33.262
2018-04-19T00:00:00,69.50015922,3.9033,17.6732,479.895,239.7817,95.3914,129.7365,233.7849,379.1079,481.7296,480.2133,177.662,184.4921,479.7156,477.9215,1024.7126,475.4677,47.9,70.53,464.0564,494.4445,5.9817,7.0183,34.4477
2018-04-21T00:00:00,69.25439745,4.5467,16.4528,484.6912,239.2089,86.4511,130.3556,222.1906,385.0468,487.2102,485.2074,177.2315,184.005,484.386,481.9611,1010.3036,475.566,45.62,70.445,470.7575,497.7838,5.9181,6.9441,32.956
2018-04-23T00:00:00,69.19695798,5.0311,16.334,478.2762,238.5378,85.8863,127.6363,217.0356,380.0336,479.8661,478.1827,174.4769,180.9963,478.3556,476.7004,971.6334,468.6385,43.92,71.24,463.5321,491.6202,5.8648,7.0057,34.8528
2018-04-26T00:00:00,68.3476409,4.3383,17.9854,476.6973,239.9553,90.6875,128.3133,234.1494,379.3509,478.2224,476.8792,174.2662,180.6472,476.7293,474.9584,1000.4777,467.6952,45.74,70.5083,460.2371,490.6885,5.9104,6.9974,36.0404
2018-04-28T00:00:00,70.27402365,3.4433,18.2218,480.6679,240.0623,105.9198,140.8073,246.1343,379.3856,482.0595,480.3823,183.1827,189.8374,480.549,479.6809,1040.3284,481.0236,50.06,72.27,463.8376,494.3287,5.9946,6.8903,34.5999
2018-04-30T00:00:00,68.96389539,5.8542,16.5878,469.9554,241.4104,86.6826,127.8822,209.7891,372.6541,471.648,469.8199,176.6805,183.7523,469.9292,468.4244,960.1669,460.1427,41.18,70.4967,455.0602,482.6035,6.0549,7.0031,38.6039
2018-05-07T00:00:00,66.31538497,3.5367,17.5543,483.1418,250.0772,122.6477,152.8934,236.2525,381.7982,484.3918,483.0263,188.1664,194.6201,483.1186,482.0305,1039.8596,481.4981,49.4,72.8133,466.8375,496.1055,6.2181,7.0449,34.9535
2018-05-11T00:00:00,70.09205919,3.6508,17.8612,484.9762,250.0627,105.017,140.4949,263.2655,384.4538,486.4,484.9295,185.773,192.2235,484.9474,483.6279,1031.0667,483.6452,50.86,71.6833,468.5388,498.7271,6.1347,7.0405,34.8497
2018-05-12T00:00:00,70.01818121,4.7372,16.5029,499.2728,250.3578,88.0114,133.4046,231.8873,399.7914,501.4472,500.111,175.8681,181.7882,497.5523,497.9806,994.3928,484.5886,46.6,71.1961,484.9443,513.103,6.3166,7.0371,31.9906
2018-05-19T00:00:00,67.08052959,4.5533,16.9408,481.3121,248.7639,88.2475,159.0927,221.612,380.7568,483.1707,481.7784,229.4111,235.6244,481.1509,479.1485,969.0728,469.0611,43.6983,70.74,466.2299,494.6239,6.2194,6.8879,35.1437
2018-05-21T00:00:00,67.72398688,4.96,15.4908,482.9752,249.785,110.5034,145.9709,213.8738,383.8984,485.0747,483.5982,184.8841,191.5567,481.2782,481.9495,989.584,475.0973,43.78,75.2533,469.5839,496.6495,5.9802,7.0431,34.1002
2018-08-11T00:00:00,69.44128409,3.1433,14.6535,507.188,250.1228,126.0055,142.7713,258.1886,400.0523,508.8706,506.8832,179.8703,186.2356,505.8798,507.1183,1062.3026,503.502,53.62,77.0233,494.2171,519.4019,6.8231,7.9604,26.5295
2018-08-16T00:00:00,69.30400436,4.0967,15.8124,507.552,245.0978,94.5806,134.0731,291.6468,402.6364,508.5425,506.9481,183.7707,190.0951,508.3136,506.4037,1048.9357,514.5368,56.0433,76.985,492.7301,519.59,6.9512,8.0527,26.5479
2018-08-18T00:00:00,70.44836136,4.13,15.2689,502.2141,245.1602,94.1873,139.3302,285.8583,397.9821,503.4816,501.7942,188.6757,194.9185,502.1439,501.4369,1061.7229,509.8955,59.02,77.3967,488.2127,514.669,7.0591,8.0606,27.8677
2018-08-20T00:00:00,67.58940328,4.0617,16.2417,484.3841,225.071,96.7614,128.596,263.5692,385.1361,485.6184,483.9339,174.9144,181.2278,484.1993,483.7848,1022.385,490.1961,50.7,76.3925,469.3767,496.5896,6.9309,7.9927,31.1238
2018-08-25T00:00:00,69.46258079,3.5844,18.5445,495.3001,229.2662,98.5297,128.9502,289.3991,389.5153,496.5591,494.7348,179.6805,186.7442,495.0756,494.831,1074.3191,509.8192,55.64,77.0267,478.0146,507.9983,6.8277,7.8544,32.2378
2018-08-27T00:00:00,68.17109062,3.4833,17.704,487.7386,224.7963,97.9248,132.3029,247.2307,386.6439,489.0517,487.4972,178.1041,184.4362,487.1748,487.2307,1026.7605,489.1712,51.28,83.5933,471.3477,500.3026,6.812,7.9291,30.7453
2018-08-30T00:00:00,69.52149146,3.4025,17.9307,486.5789,225.1842,97.8627,133.9536,249.5131,385.7346,487.6707,486.1474,178.9699,185.3708,486.1049,486.3928,1031.6357,492.743,49.94,81.23,469.7401,498.8861,6.8039,7.967,30.8765
2018-09-01T00:00:00,70.1708357,3.5175,18.6076,486.7641,224.9438,98.1548,136.4638,251.2777,385.8529,487.9263,486.2608,179.9976,186.7824,486.7018,486.1677,1042.6528,491.5669,52.54,82.3622,469.3187,498.9547,6.7336,7.9266,31.2063
2018-09-03T00:00:00,69.22136745,3.5367,18.0224,482.0541,225.2109,97.2716,141.5835,292.9109,381.6132,483.2176,481.3177,182.074,188.8806,481.8367,481.8443,1051.1388,489.2729,56.72,82.2767,465.1952,494.283,6.9139,7.9903,32.2763
2018-09-06T00:00:00,70.30505441,3.4817,19.4196,473.4891,225.235,96.2987,134.6606,264.8941,373.9692,474.5708,473.0312,177.456,184.1642,473.2281,473.1263,1038.9258,479.6521,51.16,79.7133,455.1512,485.8337,6.8755,8.0824,36.0323
2018-09-15T00:00:00,68.00825661,5.8067,15.4854,484.1401,224.2304,95.8916,119.0903,206.4074,390.0456,485.6057,484.0312,172.7778,179.3194,483.4669,483.4567,956.1017,475.7076,41.8,74.4633,470.1202,496.0632,5.3883,6.4037,31.269
2018-09-17T00:00:00,67.09533024,5.585,15.4361,486.2253,244.9713,95.6777,132.5331,241.1905,391.5983,487.6021,486.027,183.7753,190.4245,485.6565,485.6158,982.4941,485.4505,47.2,75.98,472.1659,497.9273,5.7274,6.4924,31.6002
2018-09-20T00:00:00,68.29204198,3.9833,18.6019,485.2489,225.4729,117.3736,136.3621,308.0172,380.7815,486.6382,484.7651,180.3657,186.9452,484.8741,484.7181,1050.4349,488.6193,60.27,77.3367,468.0363,498.3546,6.4798,7.4902,31.6657
2018-09-22T00:00:00,69.66409538,5.4008,15.2878,477.2757,225.1212,114.7861,130.1449,218.7684,379.6459,478.8128,477.1987,174.1088,180.5563,476.7681,476.3231,974.5632,472.4651,44.4933,74.4592,463.525,489.5984,5.5664,6.4204,33.2634
2018-09-24T00:00:00,69.98295828,5.7706,14.9261,477.3152,225.2223,114.1283,129.0805,213.2836,380.7217,478.7518,477.0228,171.1089,176.8634,476.7969,476.6893,961.5664,471.8395,42.9,75.4867,463.8257,488.3192,5.5645,6.4393,33.0152
2018-09-27T00:00:00,69.39259405,5.34,14.7016,484.0636,225.2376,111.762,127.6677,230.0301,384.7974,485.3882,483.8969,171.4422,177.7434,483.5915,483.3778,973.1899,480.4939,45.645,74.3867,470.6866,496.0428,5.5901,6.4232,30.6151
2018-09-29T00:00:00,69.89872648,5.065,14.9262,484.3988,225.4709,115.8648,133.9841,230.1198,385.0251,485.6616,483.8598,177.4421,184.4027,484.3959,483.6779,980.1099,479.9878,45.62,74.9167,470.7354,495.8699,5.5307,6.4609,30.6245
2018-10-06T00:00:00,69.94650715,3.415,18.3418,468.3127,224.9438,126.8105,135.5393,257.0055,370.949,470.0046,467.8403,178.1088,184.9023,467.9662,467.4398,1027.7981,462.4679,51.24,74.8333,451.6628,481.2162,5.6123,6.3713,37.3363
2018-10-11T00:00:00,68.25280598,5.0706,19.0475,465.1488,225.6821,117.0955,120.5756,207.2579,372.7217,466.5929,465.0434,146.2112,154.2099,464.7516,464.2074,983.6729,459.6475,41.6933,74.4033,447.5454,476.6715,5.9096,6.3765,38.3952
2018-10-13T00:00:00,68.39272203,5.0467,14.306,482.1605,225.2223,128.8138,148.6477,216.6856,385.0836,483.6262,482.0609,183.7638,190.4715,481.5213,481.4336,972.858,476.6995,42.4467,75.1833,469.3202,493.8303,5.5835,6.4703,30.8035
2018-10-15T00:00:00,68.4580645,4.8933,14.0956,475.2791,224.7874,128.9633,143.2965,206.1413,380.4483,476.6435,475.0362,180.4397,187.1792,474.5708,474.8658,960.3113,464.8627,40.4,75.0267,462.5479,487.1595,5.6104,6.4764,33.4861
2018-10-18T00:00:00,69.4581878,5.0483,14.345,474.9618,225.2999,129.6625,140.8193,212.0484,380.1355,476.4121,475.02,178.9976,185.3848,474.5183,473.8969,972.015,470.4636,41.4767,74.6367,462.067,487.1265,5.5145,6.4464,33.6691
2018-10-20T00:00:00,69.47875431,3.2383,19.0039,471.2525,224.7404,126.3942,133.0551,251.3095,373.6029,472.4041,470.7506,178.8911,185.7151,471.1071,470.7484,1050.3243,478.3042,49.98,74.97,453.4001,483.2405,5.6129,6.4418,36.6612
2018-10-22T00:00:00,69.76866048,4.8167,15.4725,464.962,224.6946,123.0914,131.1826,197.2343,370.7849,466.7582,465.1313,173.8565,180.405,464.1642,463.7942,962.8901,462.3064,39.5967,74.0083,451.2857,477.582,5.6959,6.4594,38.0614
2018-10-25T00:00:00,69.13081503,5.2617,15.4669,464.0204,225.0443,123.6664,131.9151,197.4947,369.5819,465.8274,464.0339,175.3033,181.8992,463.2639,462.9562,954.9249,461.2548,39.98,74.3033,450.3606,476.5062,5.4715,6.3476,37.8471
2018-10-27T00:00:00,69.72254947,5.455,14.937,468.8242,225.0875,122.9442,132.8828,217.7848,372.5742,470.189,468.5719,175.4491,182.0696,468.4554,468.0807,965.0226,462.8494,42.28,74.56,455.252,480.9898,5.6408,6.4127,36.9011
2018-10-29T00:00:00,69.67856537,6.0717,15.789,452.0069,225.0697,124.0275,131.7675,197.4716,358.8275,453.2095,452.036,172.5417,179.1117,451.4662,451.3161,943.4119,453.9559,39.43,73.35,437.4205,464.3448,5.693,6.4317,43.7621
2018-11-01T00:00:00,68.88677448,6.58,17.2657,446.1099,223.8337,129.0093,135.3638,212.4563,354.5127,447.7277,445.9537,174.1945,180.831,445.5177,445.2405,941.249,452.3537,41.86,73.7183,430.462,458.5196,5.5597,6.3402,44.0626
2018-11-03T00:00:00,68.78453977,6.5908,17.504,443.8599,225.4945,127.5093,131.3479,202.5253,353.9404,445.3524,444.0968,173.1088,178.8319,443.2899,442.7007,937.3846,446.9927,41.4111,73.9767,427.8483,456.5334,5.4799,6.5863,47.4158
2018-11-05T00:00:00,68.97361904,7.3367,14.8656,444.6057,224.6653,125.2906,132.3487,180.9797,356.0387,446.0365,444.6872,173.3311,179.3813,443.9172,443.782,903.2521,443.0152,36.44,73.5011,431.1709,456.1379,5.4538,6.3602,45.7207
2018-11-08T00:00:00,70.0302266,6.475,15.5614,443.0006,224.8688,123.9585,131.47,184.4221,353.7497,444.686,443.1198,172.6112,178.9574,442.3133,441.8835,914.374,439.3378,37.0967,73.49,429.1246,455.4742,5.5476,6.3923,47.2427
2018-11-10T00:00:00,69.40464826,6.9967,15.6452,449.6481,224.9038,124.1471,131.386,194.0956,359.0233,451.1025,449.3618,172.5487,179.01,448.9331,449.1951,923.5638,446.3416,39.7433,74.1722,435.4572,461.4888,5.5322,6.4475,45.0156
2018-11-12T00:00:00,69.61281052,5.955,15.8562,480.8842,225.0723,122.9534,131.3447,225.6996,383.1239,482.9734,480.9287,175.331,181.6449,480.0107,479.6241,973.682,479.118,45.82,73.4733,467.1172,493.576,5.69,6.5221,31.0176
2018-11-15T00:00:00,68.17455228,6.0617,17.1392,465.9059,225.799,132.1994,148.7621,236.05,367.064,467.628,465.5435,185.3193,191.8564,465.2527,465.1993,973.4799,470.9722,46.79,74.12,450.4888,478.8739,5.7075,6.3464,38.1245
2018-11-17T00:00:00,68.68465412,6.0608,15.9811,463.3297,224.6628,121.7731,130.1703,206.3496,368.7172,465.212,463.1633,174.2176,180.7496,462.4755,462.4679,942.9084,447.1924,40.435,73.48,449.2308,475.6237,5.5228,6.3972,40.1241
2018-11-19T00:00:00,70.40152209,6.055,21.1024,468.9116,225.0723,126.1895,138.6002,286.0001,366.5528,470.5806,468.683,179.7754,185.9584,467.9917,468.3909,986.3928,473.045,55.9533,74.57,449.4781,483.1706,6.343,7.4504,37.6231
2018-11-22T00:00:00,70.07025182,5.9725,17.54,461.1532,225.085,120.6994,130.679,215.2941,361.8375,462.9435,461.0495,174.1621,180.2477,460.441,460.179,962.3293,451.8502,44.1233,73.5133,445.4035,473.891,6.2661,7.4436,40.8039
2018-11-24T00:00:00,69.8942037,5.68,20.0584,457.4647,224.4644,124.1057,133.9586,241.367,358.4879,459.5026,457.5094,178.6458,184.8215,456.4431,456.4037,997.673,481.4145,49.08,74.28,439.4441,470.2322,5.6556,6.432,42.2749
2018-11-26T00:00:00,69.22925575,5.5933,18.6353,452.0198,224.9604,123.3927,130.1602,234.8553,357.4062,453.8491,451.9642,175.7755,181.8916,451.1203,451.1457,954.757,442.3082,45.6867,73.5233,435.2137,464.9322,5.312,6.1837,44.6285
2018-11-29T00:00:00,69.48638901,6.085,16.0693,452.6982,225.0824,122.7257,130.3261,207.5645,359.799,454.7951,452.8348,173.7871,180.0456,451.74,451.4229,930.7241,448.9814,40.025,72.7533,438.7258,465.2908,5.3994,6.1482,43.0842
2018-12-01T00:00:00,69.73567054,5.7,19.4878,452.8693,224.2495,123.0546,131.3098,230.6694,356.1565,454.7977,452.5824,176.875,183.4494,452.3232,451.7739,968.5512,454.9299,45.82,72.9233,435.3099,466.247,5.1263,5.847,44.3923
2018-12-03T00:00:00,68.7036476,6.4367,16.1465,452.9885,225.2223,122.2036,130.679,187.1819,358.5947,455.1487,453.0617,174.7454,180.8986,452.079,451.6645,924.6052,449.101,37.9,72.45,439.0022,465.6011,5.1554,5.8818,43.1091
2018-12-06T00:00:00,68.9532899,6.795,16.7862,453.2266,225.071,120.6806,130.9918,187.8356,356.0895,455.0113,453.2006,175.5509,181.8318,452.341,452.3537,936.347,453.7118,38.87,70.27,438.2251,466.5344,5.2153,5.9938,43.4364
2018-12-08T00:00:00,68.79223279,4.5283,19.4437,453.1057,225.4105,126.7783,140.0626,227.2154,354.6348,455.0291,453.1311,180.5393,186.8511,452.3537,451.9087,996.3264,455.9866,44.16,72.9333,435.5855,466.0639,4.9636,5.8935,44.436
2018-12-10T00:00:00,69.33350817,4.5917,20.3562,453.3258,224.2546,125.3615,140.0868,222.7865,351.5599,455.2326,453.3395,179.9976,186.3026,452.469,452.2621,991.7297,449.7266,45.3667,71.7567,434.8763,467.1066,5.0528,5.9413,44.7115
2018-12-15T00:00:00,68.01193362,4.1033,20.843,444.0962,225.8302,123.6204,146.5876,234.4098,339.2044,446.1357,443.9162,185.1989,191.4316,443.1551,443.1779,1008.1255,445.5253,46.1133,73.1967,425.2927,457.3358,4.9838,5.9433,49.2542
2018-12-17T00:00:00,68.40337093,4.81,19.9698,441.1031,224.514,123.0086,141.9612,214.137,337.3452,442.9389,440.9874,182.442,188.9951,440.3754,440.1109,991.6725,441.8326,43.38,73.8467,422.9691,454.2751,4.9611,5.8903,51.011
2018-12-20T00:00:00,69.28369237,4.5717,20.4612,419.4274,225.3571,123.3329,136.1624,219.8676,319.683,420.7777,419.0175,176.2083,182.2947,418.6194,419.295,973.1862,426.7338,43.5389,73.8867,400.3164,432.4483,5.2774,5.934,64.2496
2018-12-22T00:00:00,68.15913891,3.9983,21.4259,422.7325,230.0852,124.1195,139.5044,223.4113,318.447,424.2567,422.5136,179.3541,185.5565,421.7492,422.4104,1000.6257,437.0286,44,73.5483,402.8308,435.8587,5.0894,5.9073,64.3135
2018-12-27T00:00:00,68.45025312,7.31,16.2859,423.5193,229.2319,119.6253,129.6134,174.7428,329.7076,425.6631,423.9189,169.9978,176.2988,422.385,422.1103,890.1084,423.3412,34.51,72.36,409.3772,435.7392,5.5644,6.4219,61.3798
2018-12-29T00:00:00,69.36956053,6.9433,17.1022,441.7746,230.0242,119.6805,128.0988,186.7045,347.3672,443.9689,442.0431,172.3195,178.6412,440.823,440.2635,896.1243,421.4542,36.95,71.9233,426.8667,454.4289,5.6204,6.4461,50.3487
2018-12-31T00:00:00,68.54633474,7.0067,16.133,445.5151,230.2073,119.9381,128.3468,182.5534,352.932,448.024,446.6251,173.3889,179.4025,443.4653,443.946,913.2258,439.1674,36.6267,72.9067,431.8909,458.7142,5.3942,6.4059,47.8131
2019-01-03T00:00:00,69.32275369,6.38,16.496,459.5972,229.2128,118.6524,127.0319,213.7436,364.6987,462.3484,460.3618,173.2061,179.5339,458.8388,456.8398,937.5105,455.1283,41.66,71.6267,445.8523,473.6502,5.4996,6.4832,41.1565
2019-01-05T00:00:00,69.42767879,4.5658,19.9675,457.4394,228.8288,118.1901,129.7405,241.581,353.9519,459.7849,457.6992,173.7732,180.1201,456.8398,455.4335,1001.3695,450.9626,47.265,71.7933,439.8174,471.2749,6.7149,8.0841,43.422
2019-01-07T00:00:00,69.44328193,5.5711,19.081,456.3018,230.3891,117.5277,129.6668,236.1426,353.3745,458.648,457.1088,173.2454,179.4182,455.1131,454.3374,980.5638,457.0815,46.46,71.32,439.567,470.9315,6.5093,7.7253,43.8887
2019-01-10T00:00:00,67.9797013,7.1058,15.975,457.3156,228.5287,116.9849,126.8233,193.708,361.5094,460.1892,457.9724,173.75,180.1443,456.8398,454.2611,923.9644,451.5908,37.4656,71.6,444.2142,470.6365,5.3403,6.4135,42.0116
2019-01-12T00:00:00,68.80611948,5.9267,16.425,458.4353,230.0585,119.1055,130.3023,191.0987,361.8833,461.0094,459.225,175.331,181.6779,457.5647,455.9421,948.4741,450.2327,39.03,72.1967,444.5844,472.5719,5.4929,6.3789,41.2867
2019-01-14T00:00:00,69.48959862,8.0217,16.1318,459.1351,229.6821,117.5139,128.4205,204.99,361.3415,461.0666,459.4265,174.6389,180.8691,458.5514,457.496,921.2635,461.6541,40.1333,71.8811,444.9348,468.9174,5.5777,6.4708,41.268
2019-01-17T00:00:00,69.1287286,8.1983,16.3124,459.1999,229.9421,117.7025,125.5936,209.98,363.333,461.1862,459.57,172.2269,178.4886,458.4293,457.6143,911.4519,461.8296,41.3633,72.2567,444.8737,472.5719,5.5687,6.4081,41.2811
2019-01-19T00:00:00,69.88349268,6.005,21.0017,479.2643,229.8156,121.5688,138.5455,278.4846,375.4659,480.8092,479.8914,182.6642,188.1583,478.6628,477.6938,993.8125,486.4169,54.1267,72.985,459.8076,492.6629,5.5179,6.4399,34.5282
2019-01-21T00:00:00,69.79009081,6.0542,20.8455,465.8412,229.649,119.9151,125.1536,257.9138,365.2837,467.4932,466.1431,176.9745,182.8288,465.1026,464.6258,978.851,472.3659,52.3,73.12,446.6477,479.1816,5.6314,6.455,40.5895
2019-01-24T00:00:00,69.3831685,6.025,19.0024,465.604,230.0795,122.8058,131.0465,229.0812,366.179,467.3127,466.1825,178.4398,184.2251,464.8813,464.0396,960.7004,467.1295,47.08,73.0267,448.3102,478.9807,5.3545,6.4016,39.5276
2019-01-26T00:00:00,69.03707116,6.1983,16.4131,466.3347,229.7393,121.4354,130.8138,212.6385,341.5964,468.3401,467.0299,174.7639,180.7649,465.4282,464.5406,942.7787,462.5747,41.9133,72.2767,451.9269,479.029,5.559,6.447,38.8507
2019-01-28T00:00:00,69.20242478,5.7817,17.2385,477.8816,230.5049,118.8604,128.9673,225.1412,349.8965,479.7665,478.4652,176.2176,182.3646,477.2564,476.0382,957.7898,472.9839,45.6567,72.1567,462.5281,491.2362,5.6342,6.436,34.2653
2019-01-31T00:00:00,69.40954608,5.95,16.9866,472.3176,230.6638,120.4027,130.5328,223.5965,345.9366,474.5378,473.1145,176.331,182.2578,471.4597,470.1584,944.7319,456.1964,44.8278,72.55,457.5511,485.8786,5.481,6.3575,36.5717
2019-02-03T00:00:00,69.07271059,6.2583,16.6778,467.0001,230.5226,119.6989,128.5248,213.5613,343.495,469.3802,467.9954,174.6435,180.5093,466.4124,464.2125,942.6909,459.8052,41.7078,72.225,452.7025,480.2879,5.4727,6.4175,38.1054
2019-02-04T00:00:00,68.12828793,5.9867,16.8766,472.2701,225.642,119.0825,131.0491,217.4117,346.196,474.6599,473.0381,177.1088,183.181,471.3944,469.988,944.5793,462.0991,43.5767,72.36,457.7832,486.0253,5.4597,6.3291,35.6298
